mote_id,monitored_time,on_time,tx_time,rx_time,int_time
0,0.0,0.0,0.0,0.0,0.0
1,0.0,0.0,0.0,0.0,0.0
2,0.0,0.0,0.0,0.0,0.0
3,0.0,0.0,0.0,0.0,0.0
4,0.0,0.0,0.0,0.0,0.0
5,0.0,0.0,0.0,0.0,0.0
6,0.0,0.0,0.0,0.0,0.0
7,0.0,0.0,0.0,0.0,0.0
8,0.0,0.0,0.0,0.0,0.0
9,0.0,0.0,0.0,0.0,0.0
10,0.0,0.0,0.0,0.0,0.0
0,1.0,0.0,0.0,0.0,0.0
1,0.0,0.0,0.0,0.0,0.0
2,1.0,0.0,0.0,0.0,0.0
3,0.0,0.0,0.0,0.0,0.0
4,1.0,0.0,0.0,0.0,0.0
5,1.0,0.0,0.0,0.0,0.0
6,0.0,0.0,0.0,0.0,0.0
7,0.0,0.0,0.0,0.0,0.0
8,1.0,0.0,0.0,0.0,0.0
9,0.0,0.0,0.0,0.0,0.0
10,1.0,0.0,0.0,0.0,0.0
0,2.0,0.0,0.0,0.0,0.0
1,2.0,0.0,0.0,0.0,0.0
2,2.0,0.0,0.0,0.0,0.0
3,2.0,0.0,0.0,0.0,0.0
4,2.0,0.0,0.0,0.0,0.0
5,2.0,0.0,0.0,0.0,0.0
6,2.0,0.0,0.0,0.0,0.0
7,2.0,0.0,0.0,0.0,0.0
8,2.0,0.0,0.0,0.0,0.0
9,2.0,0.0,0.0,0.0,0.0
10,2.0,0.0,0.0,0.0,0.0
0,4.0,0.0,0.0,0.0,0.0
1,4.0,0.0,0.0,0.0,0.0
2,4.0,0.0,0.0,0.0,0.0
3,4.0,0.0,0.0,0.0,0.0
4,4.0,0.0,0.0,0.0,0.0
5,4.0,0.0,0.0,0.0,0.0
6,4.0,0.0,0.0,0.0,0.0
7,4.0,0.0,0.0,0.0,0.0
8,4.0,0.0,0.0,0.0,0.0
9,4.0,0.0,0.0,0.0,0.0
10,4.0,0.0,0.0,0.0,0.0
0,4.0,0.0,0.0,0.0,0.0
1,4.0,0.0,0.0,0.0,0.0
2,4.0,0.0,0.0,0.0,0.0
3,4.0,0.0,0.0,0.0,0.0
4,4.0,0.0,0.0,0.0,0.0
5,4.0,0.0,0.0,0.0,0.0
6,4.0,0.0,0.0,0.0,0.0
7,4.0,0.0,0.0,0.0,0.0
8,4.0,0.0,0.0,0.0,0.0
9,4.0,0.0,0.0,0.0,0.0
10,5.0,0.0,0.0,0.0,0.0
0,6.0,0.0,0.0,0.0,0.0
1,6.0,0.0,0.0,0.0,0.0
2,6.0,0.0,0.0,0.0,0.0
3,6.0,0.0,0.0,0.0,0.0
4,6.0,0.0,0.0,0.0,0.0
5,6.0,0.0,0.0,0.0,0.0
6,6.0,0.0,0.0,0.0,0.0
7,6.0,0.0,0.0,0.0,0.0
8,6.0,0.0,0.0,0.0,0.0
9,6.0,0.0,0.0,0.0,0.0
10,6.0,0.0,0.0,0.0,0.0
0,7.0,0.0,0.0,0.0,0.0
1,7.0,0.0,0.0,0.0,0.0
2,7.0,0.0,0.0,0.0,0.0
3,7.0,0.0,0.0,0.0,0.0
4,7.0,0.0,0.0,0.0,0.0
5,7.0,0.0,0.0,0.0,0.0
6,7.0,0.0,0.0,0.0,0.0
7,7.0,0.0,0.0,0.0,0.0
8,7.0,0.0,0.0,0.0,0.0
9,7.0,0.0,0.0,0.0,0.0
10,7.0,0.0,0.0,0.0,0.0
0,8.0,0.0,0.0,0.0,0.0
1,8.0,0.0,0.0,0.0,0.0
2,8.0,0.0,0.0,0.0,0.0
3,8.0,0.0,0.0,0.0,0.0
4,8.0,0.0,0.0,0.0,0.0
5,8.0,0.0,0.0,0.0,0.0
6,8.0,0.0,0.0,0.0,0.0
7,8.0,0.0,0.0,0.0,0.0
8,8.0,0.0,0.0,0.0,0.0
9,8.0,0.0,0.0,0.0,0.0
10,8.0,0.0,0.0,0.0,0.0
0,9.0,0.0,0.0,0.0,0.0
1,9.0,0.0,0.0,0.0,0.0
2,9.0,0.0,0.0,0.0,0.0
3,9.0,0.0,0.0,0.0,0.0
4,9.0,0.0,0.0,0.0,0.0
5,9.0,0.0,0.0,0.0,0.0
6,9.0,0.0,0.0,0.0,0.0
7,9.0,0.0,0.0,0.0,0.0
8,9.0,0.0,0.0,0.0,0.0
9,9.0,0.0,0.0,0.0,0.0
10,9.0,0.0,0.0,0.0,0.0
0,10.0,0.0,0.0,0.0,0.0
1,10.0,1.0,0.0,0.0,0.0
2,10.0,0.0,0.0,0.0,0.0
3,10.0,0.0,0.0,0.0,0.0
4,10.0,0.0,0.0,0.0,0.0
5,10.0,0.0,0.0,0.0,0.0
6,10.0,0.0,0.0,0.0,0.0
7,10.0,0.0,0.0,0.0,0.0
8,10.0,0.0,0.0,0.0,0.0
9,10.0,1.0,0.0,0.0,0.0
10,10.0,0.0,0.0,0.0,0.0
0,11.0,0.0,0.0,0.0,0.0
1,11.0,1.0,1.0,0.0,0.0
2,11.0,0.0,0.0,0.0,0.0
3,11.0,0.0,0.0,0.0,0.0
4,11.0,0.0,0.0,0.0,0.0
5,11.0,0.0,0.0,0.0,0.0
6,11.0,0.0,0.0,0.0,0.0
7,11.0,0.0,0.0,0.0,0.0
8,11.0,0.0,0.0,0.0,0.0
9,11.0,1.0,1.0,0.0,0.0
10,12.0,0.0,0.0,0.0,0.0
0,13.0,0.0,0.0,0.0,0.0
1,13.0,1.0,1.0,0.0,0.0
2,13.0,0.0,0.0,0.0,0.0
3,13.0,0.0,0.0,0.0,0.0
4,13.0,0.0,0.0,0.0,0.0
5,13.0,0.0,0.0,0.0,0.0
6,13.0,0.0,0.0,0.0,0.0
7,13.0,0.0,0.0,0.0,0.0
8,13.0,0.0,0.0,0.0,0.0
9,13.0,1.0,1.0,0.0,0.0
10,13.0,0.0,0.0,0.0,0.0
0,14.0,0.0,0.0,0.0,0.0
1,14.0,1.0,1.0,0.0,0.0
2,14.0,0.0,0.0,0.0,0.0
3,14.0,0.0,0.0,0.0,0.0
4,14.0,0.0,0.0,0.0,0.0
5,14.0,0.0,0.0,0.0,0.0
6,14.0,0.0,0.0,0.0,0.0
7,14.0,0.0,0.0,0.0,0.0
8,14.0,0.0,0.0,0.0,0.0
9,14.0,1.0,1.0,0.0,0.0
10,14.0,0.0,0.0,0.0,0.0
0,15.0,0.0,0.0,0.0,0.0
1,15.0,1.0,1.0,0.0,0.0
2,15.0,0.0,0.0,0.0,0.0
3,15.0,0.0,0.0,0.0,0.0
4,15.0,0.0,0.0,0.0,0.0
5,15.0,0.0,0.0,0.0,0.0
6,15.0,0.0,0.0,0.0,0.0
7,15.0,0.0,0.0,0.0,0.0
8,15.0,0.0,0.0,0.0,0.0
9,15.0,1.0,1.0,0.0,0.0
10,15.0,0.0,0.0,0.0,0.0
0,16.0,0.0,0.0,0.0,0.0
1,16.0,1.0,1.0,0.0,0.0
2,16.0,0.0,0.0,0.0,0.0
3,16.0,0.0,0.0,0.0,0.0
4,16.0,0.0,0.0,0.0,0.0
5,16.0,0.0,0.0,0.0,0.0
6,16.0,0.0,0.0,0.0,0.0
7,16.0,0.0,0.0,0.0,0.0
8,16.0,0.0,0.0,0.0,0.0
9,16.0,1.0,1.0,0.0,0.0
10,16.0,0.0,0.0,0.0,0.0
0,18.0,0.0,0.0,0.0,0.0
1,18.0,1.0,1.0,0.0,0.0
2,18.0,0.0,0.0,0.0,0.0
3,18.0,0.0,0.0,0.0,0.0
4,18.0,0.0,0.0,0.0,0.0
5,18.0,0.0,0.0,0.0,0.0
6,18.0,0.0,0.0,0.0,0.0
7,18.0,0.0,0.0,0.0,0.0
8,18.0,0.0,0.0,0.0,0.0
9,18.0,1.0,1.0,0.0,0.0
10,18.0,0.0,0.0,0.0,0.0
0,19.0,0.0,0.0,0.0,0.0
1,19.0,1.0,1.0,0.0,0.0
2,19.0,0.0,0.0,0.0,0.0
3,19.0,0.0,0.0,0.0,0.0
4,19.0,0.0,0.0,0.0,0.0
5,19.0,0.0,0.0,0.0,0.0
6,19.0,0.0,0.0,0.0,0.0
7,19.0,0.0,0.0,0.0,0.0
8,19.0,0.0,0.0,0.0,0.0
9,19.0,1.0,1.0,0.0,0.0
10,19.0,0.0,0.0,0.0,0.0
0,20.0,0.0,0.0,0.0,0.0
1,20.0,2.0,1.0,0.0,0.0
2,20.0,0.0,0.0,0.0,0.0
3,20.0,0.0,0.0,0.0,0.0
4,20.0,0.0,0.0,0.0,0.0
5,20.0,0.0,0.0,0.0,0.0
6,20.0,0.0,0.0,0.0,0.0
7,20.0,0.0,0.0,0.0,0.0
8,20.0,0.0,0.0,0.0,0.0
9,20.0,1.0,1.0,0.0,0.0
10,20.0,0.0,0.0,0.0,0.0
0,22.0,0.0,0.0,0.0,0.0
1,22.0,2.0,1.0,0.0,0.0
2,22.0,0.0,0.0,0.0,0.0
3,22.0,0.0,0.0,0.0,0.0
4,22.0,0.0,0.0,0.0,0.0
5,22.0,0.0,0.0,0.0,0.0
6,22.0,1.0,0.0,0.0,0.0
7,22.0,0.0,0.0,0.0,0.0
8,22.0,0.0,0.0,0.0,0.0
9,22.0,1.0,1.0,0.0,0.0
10,22.0,0.0,0.0,0.0,0.0
0,23.0,0.0,0.0,0.0,0.0
1,23.0,2.0,1.0,0.0,0.0
2,23.0,0.0,0.0,0.0,0.0
3,23.0,0.0,0.0,0.0,0.0
4,23.0,0.0,0.0,0.0,0.0
5,23.0,0.0,0.0,0.0,0.0
6,23.0,1.0,0.0,0.0,0.0
7,23.0,0.0,0.0,0.0,0.0
8,23.0,0.0,0.0,0.0,0.0
9,23.0,1.0,1.0,0.0,0.0
10,23.0,0.0,0.0,0.0,0.0
0,24.0,0.0,0.0,0.0,0.0
1,24.0,2.0,1.0,0.0,0.0
2,24.0,0.0,0.0,0.0,0.0
3,24.0,0.0,0.0,0.0,0.0
4,24.0,0.0,0.0,0.0,0.0
5,24.0,0.0,0.0,0.0,0.0
6,24.0,1.0,0.0,0.0,0.0
7,24.0,0.0,0.0,0.0,0.0
8,24.0,0.0,0.0,0.0,0.0
9,24.0,1.0,1.0,0.0,0.0
10,24.0,0.0,0.0,0.0,0.0
0,25.0,0.0,0.0,0.0,0.0
1,25.0,2.0,1.0,0.0,0.0
2,25.0,0.0,0.0,0.0,0.0
3,25.0,0.0,0.0,0.0,0.0
4,25.0,0.0,0.0,0.0,0.0
5,25.0,0.0,0.0,0.0,0.0
6,25.0,1.0,0.0,0.0,0.0
7,25.0,0.0,0.0,0.0,0.0
8,25.0,0.0,0.0,0.0,0.0
9,25.0,1.0,1.0,0.0,0.0
10,25.0,0.0,0.0,0.0,0.0
0,26.0,0.0,0.0,0.0,0.0
1,26.0,2.0,1.0,0.0,0.0
2,26.0,1.0,0.0,0.0,0.0
3,26.0,0.0,0.0,0.0,0.0
4,26.0,0.0,0.0,0.0,0.0
5,26.0,0.0,0.0,0.0,0.0
6,26.0,1.0,0.0,0.0,0.0
7,26.0,0.0,0.0,0.0,0.0
8,26.0,0.0,0.0,0.0,0.0
9,26.0,1.0,1.0,0.0,0.0
10,26.0,0.0,0.0,0.0,0.0
0,27.0,0.0,0.0,0.0,0.0
1,27.0,2.0,1.0,0.0,0.0
2,27.0,1.0,0.0,0.0,0.0
3,27.0,0.0,0.0,0.0,0.0
4,27.0,0.0,0.0,0.0,0.0
5,27.0,0.0,0.0,0.0,0.0
6,27.0,1.0,0.0,0.0,0.0
7,27.0,0.0,0.0,0.0,0.0
8,27.0,0.0,0.0,0.0,0.0
9,27.0,1.0,1.0,0.0,0.0
10,27.0,0.0,0.0,0.0,0.0
0,29.0,0.0,0.0,0.0,0.0
1,29.0,2.0,1.0,0.0,0.0
2,29.0,1.0,0.0,0.0,0.0
3,29.0,0.0,0.0,0.0,0.0
4,29.0,0.0,0.0,0.0,0.0
5,29.0,0.0,0.0,0.0,0.0
6,29.0,1.0,0.0,0.0,0.0
7,29.0,0.0,0.0,0.0,0.0
8,29.0,0.0,0.0,0.0,0.0
9,29.0,1.0,1.0,0.0,0.0
10,29.0,1.0,0.0,0.0,0.0
0,31.0,0.0,0.0,0.0,0.0
1,31.0,2.0,1.0,0.0,0.0
2,31.0,1.0,0.0,0.0,0.0
3,31.0,0.0,0.0,0.0,0.0
4,31.0,0.0,0.0,0.0,0.0
5,31.0,0.0,0.0,0.0,0.0
6,31.0,1.0,0.0,0.0,0.0
7,31.0,0.0,0.0,0.0,0.0
8,31.0,0.0,0.0,0.0,0.0
9,31.0,1.0,1.0,0.0,0.0
10,31.0,1.0,0.0,0.0,0.0
0,31.0,0.0,0.0,0.0,0.0
1,31.0,2.0,1.0,0.0,0.0
2,31.0,1.0,0.0,0.0,0.0
3,31.0,0.0,0.0,0.0,0.0
4,31.0,0.0,0.0,0.0,0.0
5,31.0,0.0,0.0,0.0,0.0
6,31.0,1.0,0.0,0.0,0.0
7,31.0,0.0,0.0,0.0,0.0
8,31.0,0.0,0.0,0.0,0.0
9,31.0,1.0,1.0,0.0,0.0
10,32.0,1.0,0.0,0.0,0.0
0,32.0,0.0,0.0,0.0,0.0
1,32.0,2.0,1.0,0.0,0.0
2,32.0,1.0,0.0,0.0,0.0
3,32.0,0.0,0.0,0.0,0.0
4,32.0,0.0,0.0,0.0,0.0
5,32.0,0.0,0.0,0.0,0.0
6,32.0,1.0,0.0,0.0,0.0
7,32.0,0.0,0.0,0.0,0.0
8,32.0,0.0,0.0,0.0,0.0
9,32.0,1.0,1.0,0.0,0.0
10,32.0,1.0,0.0,0.0,0.0
0,34.0,0.0,0.0,0.0,0.0
1,34.0,2.0,1.0,0.0,0.0
2,34.0,1.0,0.0,0.0,0.0
3,34.0,0.0,0.0,0.0,0.0
4,34.0,0.0,0.0,0.0,0.0
5,34.0,0.0,0.0,0.0,0.0
6,34.0,1.0,0.0,0.0,0.0
7,34.0,0.0,0.0,0.0,0.0
8,34.0,1.0,0.0,0.0,0.0
9,34.0,2.0,1.0,0.0,0.0
10,34.0,1.0,0.0,0.0,0.0
0,34.0,0.0,0.0,0.0,0.0
1,34.0,2.0,1.0,0.0,0.0
2,34.0,1.0,0.0,0.0,0.0
3,34.0,0.0,0.0,0.0,0.0
4,34.0,0.0,0.0,0.0,0.0
5,34.0,0.0,0.0,0.0,0.0
6,34.0,1.0,0.0,0.0,0.0
7,34.0,0.0,0.0,0.0,0.0
8,34.0,1.0,0.0,0.0,0.0
9,34.0,2.0,1.0,0.0,0.0
10,34.0,1.0,0.0,0.0,0.0
0,36.0,0.0,0.0,0.0,0.0
1,35.0,2.0,1.0,0.0,0.0
2,35.0,1.0,0.0,0.0,0.0
3,36.0,0.0,0.0,0.0,0.0
4,36.0,0.0,0.0,0.0,0.0
5,35.0,0.0,0.0,0.0,0.0
6,36.0,1.0,0.0,0.0,0.0
7,36.0,0.0,0.0,0.0,0.0
8,36.0,1.0,0.0,0.0,0.0
9,35.0,2.0,1.0,0.0,0.0
10,36.0,1.0,0.0,0.0,0.0
0,45.0,0.0,0.0,0.0,0.0
1,45.0,2.0,1.0,0.0,0.0
2,45.0,1.0,0.0,0.0,0.0
3,45.0,1.0,0.0,0.0,0.0
4,45.0,0.0,0.0,0.0,0.0
5,45.0,0.0,0.0,0.0,0.0
6,45.0,1.0,0.0,0.0,0.0
7,45.0,0.0,0.0,0.0,0.0
8,45.0,1.0,0.0,0.0,0.0
9,45.0,2.0,1.0,0.0,0.0
10,45.0,1.0,0.0,0.0,0.0
0,45.0,0.0,0.0,0.0,0.0
1,45.0,2.0,1.0,0.0,0.0
2,45.0,1.0,0.0,0.0,0.0
3,45.0,1.0,0.0,0.0,0.0
4,45.0,0.0,0.0,0.0,0.0
5,45.0,0.0,0.0,0.0,0.0
6,45.0,1.0,0.0,0.0,0.0
7,45.0,0.0,0.0,0.0,0.0
8,45.0,1.0,0.0,0.0,0.0
9,45.0,2.0,1.0,0.0,0.0
10,45.0,1.0,0.0,0.0,0.0
0,45.0,0.0,0.0,0.0,0.0
1,45.0,2.0,1.0,0.0,0.0
2,45.0,1.0,0.0,0.0,0.0
3,45.0,1.0,0.0,0.0,0.0
4,45.0,0.0,0.0,0.0,0.0
5,45.0,0.0,0.0,0.0,0.0
6,45.0,1.0,0.0,0.0,0.0
7,45.0,0.0,0.0,0.0,0.0
8,45.0,1.0,0.0,0.0,0.0
9,45.0,2.0,1.0,0.0,0.0
10,45.0,1.0,0.0,0.0,0.0
0,45.0,0.0,0.0,0.0,0.0
1,45.0,2.0,1.0,0.0,0.0
2,45.0,1.0,0.0,0.0,0.0
3,45.0,1.0,0.0,0.0,0.0
4,45.0,0.0,0.0,0.0,0.0
5,45.0,0.0,0.0,0.0,0.0
6,45.0,1.0,0.0,0.0,0.0
7,45.0,0.0,0.0,0.0,0.0
8,45.0,1.0,0.0,0.0,0.0
9,45.0,2.0,1.0,0.0,0.0
10,45.0,1.0,0.0,0.0,0.0
0,45.0,0.0,0.0,0.0,0.0
1,45.0,2.0,1.0,0.0,0.0
2,45.0,1.0,0.0,0.0,0.0
3,45.0,1.0,0.0,0.0,0.0
4,45.0,0.0,0.0,0.0,0.0
5,45.0,0.0,0.0,0.0,0.0
6,45.0,1.0,0.0,0.0,0.0
7,45.0,0.0,0.0,0.0,0.0
8,45.0,1.0,0.0,0.0,0.0
9,45.0,2.0,1.0,0.0,0.0
10,45.0,1.0,0.0,0.0,0.0
0,45.0,0.0,0.0,0.0,0.0
1,45.0,2.0,1.0,0.0,0.0
2,45.0,1.0,0.0,0.0,0.0
3,45.0,1.0,0.0,0.0,0.0
4,45.0,0.0,0.0,0.0,0.0
5,45.0,0.0,0.0,0.0,0.0
6,45.0,1.0,0.0,0.0,0.0
7,45.0,0.0,0.0,0.0,0.0
8,45.0,1.0,0.0,0.0,0.0
9,45.0,2.0,1.0,0.0,0.0
10,45.0,1.0,0.0,0.0,0.0
0,45.0,0.0,0.0,0.0,0.0
1,45.0,2.0,1.0,0.0,0.0
2,45.0,1.0,0.0,0.0,0.0
3,45.0,1.0,0.0,0.0,0.0
4,45.0,0.0,0.0,0.0,0.0
5,45.0,0.0,0.0,0.0,0.0
6,45.0,1.0,0.0,0.0,0.0
7,45.0,0.0,0.0,0.0,0.0
8,45.0,1.0,0.0,0.0,0.0
9,45.0,2.0,1.0,0.0,0.0
10,45.0,1.0,0.0,0.0,0.0
0,46.0,0.0,0.0,0.0,0.0
1,46.0,2.0,1.0,0.0,0.0
2,46.0,1.0,0.0,0.0,0.0
3,46.0,1.0,0.0,0.0,0.0
4,46.0,0.0,0.0,0.0,0.0
5,46.0,0.0,0.0,0.0,0.0
6,46.0,1.0,0.0,0.0,0.0
7,46.0,1.0,0.0,0.0,0.0
8,46.0,1.0,0.0,0.0,0.0
9,46.0,2.0,1.0,0.0,0.0
10,46.0,1.0,0.0,0.0,0.0
0,52.0,0.0,0.0,0.0,0.0
1,52.0,2.0,1.0,0.0,0.0
2,51.0,1.0,0.0,0.0,0.0
3,52.0,1.0,0.0,0.0,0.0
4,52.0,0.0,0.0,0.0,0.0
5,51.0,1.0,0.0,0.0,0.0
6,52.0,1.0,0.0,0.0,0.0
7,52.0,1.0,0.0,0.0,0.0
8,52.0,1.0,0.0,0.0,0.0
9,51.0,2.0,1.0,0.0,0.0
10,52.0,1.0,0.0,0.0,0.0
0,52.0,0.0,0.0,0.0,0.0
1,52.0,2.0,1.0,0.0,0.0
2,51.0,1.0,0.0,0.0,0.0
3,52.0,1.0,0.0,0.0,0.0
4,52.0,0.0,0.0,0.0,0.0
5,51.0,1.0,0.0,0.0,0.0
6,52.0,1.0,0.0,0.0,0.0
7,52.0,1.0,0.0,0.0,0.0
8,52.0,1.0,0.0,0.0,0.0
9,51.0,2.0,1.0,0.0,0.0
10,52.0,1.0,0.0,0.0,0.0
0,52.0,0.0,0.0,0.0,0.0
1,52.0,2.0,1.0,0.0,0.0
2,52.0,1.0,0.0,0.0,0.0
3,52.0,1.0,0.0,0.0,0.0
4,52.0,0.0,0.0,0.0,0.0
5,52.0,1.0,0.0,0.0,0.0
6,52.0,1.0,0.0,0.0,0.0
7,52.0,1.0,0.0,0.0,0.0
8,52.0,1.0,0.0,0.0,0.0
9,52.0,2.0,1.0,0.0,0.0
10,52.0,1.0,0.0,0.0,0.0
0,52.0,0.0,0.0,0.0,0.0
1,52.0,2.0,1.0,0.0,0.0
2,52.0,1.0,0.0,0.0,0.0
3,52.0,1.0,0.0,0.0,0.0
4,52.0,0.0,0.0,0.0,0.0
5,52.0,1.0,0.0,0.0,0.0
6,52.0,1.0,0.0,0.0,0.0
7,52.0,1.0,0.0,0.0,0.0
8,52.0,1.0,0.0,0.0,0.0
9,52.0,2.0,1.0,0.0,0.0
10,52.0,1.0,0.0,0.0,0.0
0,52.0,0.0,0.0,0.0,0.0
1,52.0,2.0,1.0,0.0,0.0
2,52.0,1.0,0.0,0.0,0.0
3,52.0,1.0,0.0,0.0,0.0
4,52.0,0.0,0.0,0.0,0.0
5,52.0,1.0,0.0,0.0,0.0
6,52.0,1.0,0.0,0.0,0.0
7,52.0,1.0,0.0,0.0,0.0
8,52.0,1.0,0.0,0.0,0.0
9,52.0,2.0,1.0,0.0,0.0
10,52.0,1.0,0.0,0.0,0.0
0,53.0,0.0,0.0,0.0,0.0
1,52.0,2.0,1.0,0.0,0.0
2,52.0,1.0,0.0,0.0,0.0
3,53.0,1.0,0.0,0.0,0.0
4,53.0,0.0,0.0,0.0,0.0
5,52.0,1.0,0.0,0.0,0.0
6,53.0,1.0,0.0,0.0,0.0
7,53.0,1.0,0.0,0.0,0.0
8,53.0,1.0,0.0,0.0,0.0
9,52.0,2.0,1.0,0.0,0.0
10,53.0,1.0,0.0,0.0,0.0
0,55.0,1.0,0.0,0.0,0.0
1,55.0,2.0,1.0,0.0,0.0
2,55.0,1.0,0.0,0.0,0.0
3,55.0,1.0,0.0,0.0,0.0
4,55.0,0.0,0.0,0.0,0.0
5,55.0,1.0,0.0,0.0,0.0
6,55.0,1.0,0.0,0.0,0.0
7,55.0,1.0,0.0,0.0,0.0
8,55.0,1.0,0.0,0.0,0.0
9,55.0,2.0,1.0,0.0,0.0
10,55.0,1.0,0.0,0.0,0.0
0,55.0,1.0,0.0,0.0,0.0
1,55.0,2.0,1.0,0.0,0.0
2,55.0,1.0,0.0,0.0,0.0
3,55.0,1.0,0.0,0.0,0.0
4,55.0,0.0,0.0,0.0,0.0
5,55.0,1.0,0.0,0.0,0.0
6,55.0,1.0,0.0,0.0,0.0
7,55.0,1.0,0.0,0.0,0.0
8,55.0,1.0,0.0,0.0,0.0
9,55.0,2.0,1.0,0.0,0.0
10,55.0,1.0,0.0,0.0,0.0
0,57.0,1.0,0.0,0.0,0.0
1,56.0,2.0,1.0,0.0,0.0
2,56.0,1.0,0.0,0.0,0.0
3,57.0,1.0,0.0,0.0,0.0
4,57.0,0.0,0.0,0.0,0.0
5,56.0,1.0,0.0,0.0,0.0
6,57.0,1.0,0.0,0.0,0.0
7,57.0,1.0,0.0,0.0,0.0
8,57.0,1.0,0.0,0.0,0.0
9,56.0,2.0,1.0,0.0,0.0
10,57.0,1.0,0.0,0.0,0.0
0,57.0,1.0,0.0,0.0,0.0
1,57.0,2.0,1.0,0.0,0.0
2,57.0,1.0,0.0,0.0,0.0
3,57.0,1.0,0.0,0.0,0.0
4,57.0,0.0,0.0,0.0,0.0
5,57.0,1.0,0.0,0.0,0.0
6,57.0,1.0,0.0,0.0,0.0
7,57.0,1.0,0.0,0.0,0.0
8,57.0,1.0,0.0,0.0,0.0
9,57.0,2.0,1.0,0.0,0.0
10,57.0,1.0,0.0,0.0,0.0
0,59.0,1.0,0.0,0.0,0.0
1,59.0,2.0,1.0,0.0,0.0
2,59.0,1.0,0.0,0.0,0.0
3,59.0,1.0,0.0,0.0,0.0
4,59.0,0.0,0.0,0.0,0.0
5,59.0,1.0,0.0,0.0,0.0
6,59.0,1.0,0.0,0.0,0.0
7,59.0,1.0,0.0,0.0,0.0
8,59.0,1.0,0.0,0.0,0.0
9,59.0,2.0,1.0,0.0,0.0
10,59.0,1.0,0.0,0.0,0.0
0,61.0,1.0,0.0,0.0,0.0
1,61.0,2.0,1.0,0.0,0.0
2,61.0,1.0,0.0,0.0,0.0
3,61.0,1.0,0.0,0.0,0.0
4,61.0,0.0,0.0,0.0,0.0
5,61.0,1.0,0.0,0.0,0.0
6,61.0,1.0,0.0,0.0,0.0
7,61.0,1.0,0.0,0.0,0.0
8,61.0,1.0,0.0,0.0,0.0
9,61.0,2.0,1.0,0.0,0.0
10,61.0,1.0,0.0,0.0,0.0
0,61.0,1.0,0.0,0.0,0.0
1,61.0,2.0,1.0,0.0,0.0
2,61.0,1.0,0.0,0.0,0.0
3,61.0,1.0,0.0,0.0,0.0
4,61.0,0.0,0.0,0.0,0.0
5,61.0,1.0,0.0,0.0,0.0
6,61.0,1.0,0.0,0.0,0.0
7,61.0,1.0,0.0,0.0,0.0
8,61.0,1.0,0.0,0.0,0.0
9,61.0,2.0,1.0,0.0,0.0
10,61.0,1.0,0.0,0.0,0.0
0,63.0,1.0,0.0,0.0,0.0
1,63.0,2.0,1.0,0.0,0.0
2,63.0,1.0,0.0,0.0,0.0
3,63.0,1.0,0.0,0.0,0.0
4,63.0,0.0,0.0,0.0,0.0
5,63.0,1.0,0.0,0.0,0.0
6,63.0,1.0,0.0,0.0,0.0
7,63.0,1.0,0.0,0.0,0.0
8,63.0,1.0,0.0,0.0,0.0
9,63.0,2.0,1.0,0.0,0.0
10,63.0,1.0,0.0,0.0,0.0
0,63.0,1.0,0.0,0.0,0.0
1,63.0,3.0,2.0,0.0,0.0
2,63.0,1.0,0.0,0.0,0.0
3,63.0,1.0,0.0,0.0,0.0
4,63.0,0.0,0.0,0.0,0.0
5,63.0,1.0,0.0,0.0,0.0
6,63.0,1.0,0.0,0.0,0.0
7,63.0,1.0,0.0,0.0,0.0
8,63.0,1.0,0.0,0.0,0.0
9,63.0,2.0,1.0,0.0,0.0
10,63.0,1.0,0.0,0.0,0.0
0,65.0,1.0,0.0,0.0,0.0
1,65.0,3.0,2.0,0.0,0.0
2,65.0,1.0,0.0,0.0,0.0
3,65.0,1.0,0.0,0.0,0.0
4,65.0,0.0,0.0,0.0,0.0
5,65.0,1.0,0.0,0.0,0.0
6,65.0,1.0,0.0,0.0,0.0
7,65.0,1.0,0.0,0.0,0.0
8,65.0,1.0,0.0,0.0,0.0
9,65.0,2.0,1.0,0.0,0.0
10,65.0,1.0,0.0,0.0,0.0
0,68.0,1.0,0.0,0.0,0.0
1,67.0,3.0,2.0,0.0,0.0
2,67.0,1.0,0.0,0.0,0.0
3,68.0,1.0,0.0,0.0,0.0
4,68.0,0.0,0.0,0.0,0.0
5,67.0,1.0,0.0,0.0,0.0
6,68.0,1.0,0.0,0.0,0.0
7,68.0,1.0,0.0,0.0,0.0
8,68.0,1.0,0.0,0.0,0.0
9,67.0,2.0,1.0,0.0,0.0
10,68.0,1.0,0.0,0.0,0.0
0,68.0,1.0,0.0,0.0,0.0
1,68.0,3.0,2.0,0.0,0.0
2,68.0,1.0,0.0,0.0,0.0
3,68.0,1.0,0.0,0.0,0.0
4,68.0,0.0,0.0,0.0,0.0
5,68.0,1.0,0.0,0.0,0.0
6,68.0,1.0,0.0,0.0,0.0
7,68.0,1.0,0.0,0.0,0.0
8,68.0,1.0,0.0,0.0,0.0
9,68.0,2.0,1.0,0.0,0.0
10,68.0,1.0,0.0,0.0,0.0
0,73.0,1.0,0.0,0.0,0.0
1,73.0,3.0,2.0,0.0,0.0
2,73.0,1.0,0.0,0.0,0.0
3,73.0,1.0,0.0,0.0,0.0
4,73.0,0.0,0.0,0.0,0.0
5,73.0,1.0,0.0,0.0,0.0
6,73.0,1.0,0.0,0.0,0.0
7,73.0,1.0,0.0,0.0,0.0
8,73.0,1.0,0.0,0.0,0.0
9,73.0,2.0,1.0,0.0,0.0
10,73.0,1.0,0.0,0.0,0.0
0,73.0,1.0,0.0,0.0,0.0
1,73.0,3.0,2.0,0.0,0.0
2,73.0,1.0,0.0,0.0,0.0
3,73.0,1.0,0.0,0.0,0.0
4,73.0,0.0,0.0,0.0,0.0
5,73.0,1.0,0.0,0.0,0.0
6,73.0,1.0,0.0,0.0,0.0
7,73.0,1.0,0.0,0.0,0.0
8,73.0,1.0,0.0,0.0,0.0
9,73.0,2.0,1.0,0.0,0.0
10,73.0,1.0,0.0,0.0,0.0
0,73.0,1.0,0.0,0.0,0.0
1,73.0,3.0,2.0,0.0,0.0
2,73.0,1.0,0.0,0.0,0.0
3,73.0,1.0,0.0,0.0,0.0
4,73.0,0.0,0.0,0.0,0.0
5,73.0,1.0,0.0,0.0,0.0
6,73.0,1.0,0.0,0.0,0.0
7,73.0,1.0,0.0,0.0,0.0
8,73.0,1.0,0.0,0.0,0.0
9,73.0,2.0,1.0,0.0,0.0
10,73.0,1.0,0.0,0.0,0.0
0,73.0,1.0,0.0,0.0,0.0
1,73.0,3.0,2.0,0.0,0.0
2,73.0,1.0,0.0,0.0,0.0
3,73.0,1.0,0.0,0.0,0.0
4,73.0,0.0,0.0,0.0,0.0
5,73.0,1.0,0.0,0.0,0.0
6,73.0,1.0,0.0,0.0,0.0
7,73.0,1.0,0.0,0.0,0.0
8,73.0,1.0,0.0,0.0,0.0
9,73.0,2.0,1.0,0.0,0.0
10,73.0,1.0,0.0,0.0,0.0
0,73.0,1.0,0.0,0.0,0.0
1,73.0,3.0,2.0,0.0,0.0
2,73.0,1.0,0.0,0.0,0.0
3,73.0,1.0,0.0,0.0,0.0
4,73.0,0.0,0.0,0.0,0.0
5,73.0,1.0,0.0,0.0,0.0
6,73.0,1.0,0.0,0.0,0.0
7,73.0,1.0,0.0,0.0,0.0
8,73.0,1.0,0.0,0.0,0.0
9,73.0,2.0,1.0,0.0,0.0
10,73.0,1.0,0.0,0.0,0.0
0,78.0,1.0,0.0,0.0,0.0
1,78.0,3.0,2.0,0.0,0.0
2,78.0,1.0,0.0,0.0,0.0
3,78.0,1.0,0.0,0.0,0.0
4,78.0,0.0,0.0,0.0,0.0
5,78.0,1.0,0.0,0.0,0.0
6,78.0,1.0,0.0,0.0,0.0
7,78.0,1.0,0.0,0.0,0.0
8,78.0,1.0,0.0,0.0,0.0
9,78.0,2.0,1.0,0.0,0.0
10,78.0,1.0,0.0,0.0,0.0
0,78.0,1.0,0.0,0.0,0.0
1,78.0,3.0,2.0,0.0,0.0
2,78.0,1.0,0.0,0.0,0.0
3,78.0,1.0,0.0,0.0,0.0
4,78.0,0.0,0.0,0.0,0.0
5,78.0,1.0,0.0,0.0,0.0
6,78.0,1.0,0.0,0.0,0.0
7,78.0,1.0,0.0,0.0,0.0
8,78.0,1.0,0.0,0.0,0.0
9,78.0,2.0,1.0,0.0,0.0
10,78.0,1.0,0.0,0.0,0.0
0,78.0,1.0,0.0,0.0,0.0
1,78.0,3.0,2.0,0.0,0.0
2,78.0,1.0,0.0,0.0,0.0
3,78.0,1.0,0.0,0.0,0.0
4,78.0,0.0,0.0,0.0,0.0
5,78.0,1.0,0.0,0.0,0.0
6,78.0,1.0,0.0,0.0,0.0
7,78.0,1.0,0.0,0.0,0.0
8,78.0,1.0,0.0,0.0,0.0
9,78.0,2.0,1.0,0.0,0.0
10,78.0,1.0,0.0,0.0,0.0
0,78.0,1.0,0.0,0.0,0.0
1,78.0,3.0,2.0,0.0,0.0
2,78.0,1.0,0.0,0.0,0.0
3,78.0,1.0,0.0,0.0,0.0
4,78.0,0.0,0.0,0.0,0.0
5,78.0,1.0,0.0,0.0,0.0
6,78.0,1.0,0.0,0.0,0.0
7,78.0,1.0,0.0,0.0,0.0
8,78.0,1.0,0.0,0.0,0.0
9,78.0,2.0,1.0,0.0,0.0
10,78.0,1.0,0.0,0.0,0.0
0,89.0,1.0,0.0,0.0,0.0
1,89.0,3.0,2.0,0.0,0.0
2,89.0,1.0,0.0,0.0,0.0
3,89.0,1.0,0.0,0.0,0.0
4,89.0,0.0,0.0,0.0,0.0
5,89.0,1.0,0.0,0.0,0.0
6,89.0,1.0,0.0,0.0,0.0
7,89.0,1.0,0.0,0.0,0.0
8,89.0,1.0,0.0,0.0,0.0
9,89.0,2.0,1.0,0.0,0.0
10,89.0,1.0,0.0,0.0,0.0
0,100.0,1.0,0.0,0.0,0.0
1,100.0,3.0,2.0,0.0,0.0
2,100.0,1.0,0.0,0.0,0.0
3,100.0,1.0,0.0,0.0,0.0
4,100.0,0.0,0.0,0.0,0.0
5,100.0,1.0,0.0,0.0,0.0
6,100.0,1.0,0.0,0.0,0.0
7,100.0,1.0,0.0,0.0,0.0
8,100.0,1.0,0.0,0.0,0.0
9,100.0,2.0,1.0,0.0,0.0
10,100.0,1.0,0.0,0.0,0.0
0,100.0,1.0,0.0,0.0,0.0
1,100.0,3.0,2.0,0.0,0.0
2,100.0,1.0,0.0,0.0,0.0
3,100.0,1.0,0.0,0.0,0.0
4,100.0,0.0,0.0,0.0,0.0
5,100.0,1.0,0.0,0.0,0.0
6,100.0,1.0,0.0,0.0,0.0
7,100.0,1.0,0.0,0.0,0.0
8,100.0,1.0,0.0,0.0,0.0
9,100.0,2.0,1.0,0.0,0.0
10,100.0,1.0,0.0,0.0,0.0
0,100.0,1.0,0.0,0.0,0.0
1,100.0,3.0,2.0,0.0,0.0
2,100.0,1.0,0.0,0.0,0.0
3,100.0,1.0,0.0,0.0,0.0
4,100.0,0.0,0.0,0.0,0.0
5,100.0,1.0,0.0,0.0,0.0
6,100.0,1.0,1.0,0.0,0.0
7,100.0,1.0,0.0,0.0,0.0
8,100.0,1.0,0.0,0.0,0.0
9,100.0,2.0,1.0,0.0,0.0
10,100.0,1.0,0.0,0.0,0.0
0,100.0,1.0,0.0,0.0,0.0
1,100.0,3.0,2.0,0.0,0.0
2,100.0,1.0,0.0,0.0,0.0
3,100.0,1.0,0.0,0.0,0.0
4,100.0,0.0,0.0,0.0,0.0
5,100.0,1.0,0.0,0.0,0.0
6,100.0,1.0,1.0,0.0,0.0
7,100.0,1.0,0.0,0.0,0.0
8,100.0,1.0,0.0,0.0,0.0
9,100.0,2.0,1.0,0.0,0.0
10,100.0,1.0,0.0,0.0,0.0
0,101.0,1.0,0.0,0.0,0.0
1,101.0,3.0,2.0,0.0,0.0
2,101.0,1.0,0.0,0.0,0.0
3,101.0,1.0,0.0,0.0,0.0
4,101.0,0.0,0.0,0.0,0.0
5,101.0,1.0,0.0,0.0,0.0
6,101.0,2.0,1.0,0.0,0.0
7,101.0,1.0,0.0,0.0,0.0
8,101.0,1.0,0.0,0.0,0.0
9,101.0,2.0,1.0,0.0,0.0
10,101.0,1.0,0.0,0.0,0.0
0,101.0,1.0,0.0,0.0,0.0
1,101.0,3.0,2.0,0.0,0.0
2,101.0,1.0,0.0,0.0,0.0
3,101.0,1.0,0.0,0.0,0.0
4,101.0,0.0,0.0,0.0,0.0
5,101.0,1.0,0.0,0.0,0.0
6,101.0,2.0,1.0,0.0,0.0
7,101.0,1.0,0.0,0.0,0.0
8,101.0,1.0,0.0,0.0,0.0
9,101.0,2.0,1.0,0.0,0.0
10,101.0,1.0,0.0,0.0,0.0
0,101.0,1.0,0.0,0.0,0.0
1,101.0,3.0,2.0,0.0,0.0
2,101.0,1.0,0.0,0.0,0.0
3,101.0,1.0,0.0,0.0,0.0
4,101.0,0.0,0.0,0.0,0.0
5,101.0,1.0,0.0,0.0,0.0
6,101.0,2.0,1.0,0.0,0.0
7,101.0,1.0,0.0,0.0,0.0
8,101.0,1.0,0.0,0.0,0.0
9,101.0,2.0,1.0,0.0,0.0
10,101.0,1.0,0.0,0.0,0.0
0,101.0,1.0,0.0,0.0,0.0
1,101.0,3.0,2.0,0.0,0.0
2,101.0,1.0,0.0,0.0,0.0
3,101.0,1.0,0.0,0.0,0.0
4,101.0,0.0,0.0,0.0,0.0
5,101.0,1.0,0.0,0.0,0.0
6,101.0,2.0,1.0,0.0,0.0
7,101.0,1.0,0.0,0.0,0.0
8,101.0,1.0,0.0,0.0,0.0
9,101.0,2.0,1.0,0.0,0.0
10,101.0,1.0,0.0,0.0,0.0
0,101.0,1.0,0.0,0.0,0.0
1,101.0,3.0,2.0,0.0,0.0
2,101.0,1.0,0.0,0.0,0.0
3,101.0,1.0,0.0,0.0,0.0
4,101.0,0.0,0.0,0.0,0.0
5,101.0,1.0,0.0,0.0,0.0
6,101.0,2.0,1.0,0.0,0.0
7,101.0,1.0,0.0,0.0,0.0
8,101.0,1.0,0.0,0.0,0.0
9,101.0,2.0,1.0,0.0,0.0
10,101.0,1.0,0.0,0.0,0.0
0,101.0,1.0,0.0,0.0,0.0
1,101.0,3.0,2.0,0.0,0.0
2,101.0,1.0,0.0,0.0,0.0
3,101.0,1.0,0.0,0.0,0.0
4,101.0,0.0,0.0,0.0,0.0
5,101.0,1.0,0.0,0.0,0.0
6,101.0,2.0,1.0,0.0,0.0
7,101.0,1.0,0.0,0.0,0.0
8,101.0,1.0,0.0,0.0,0.0
9,101.0,2.0,1.0,0.0,0.0
10,101.0,1.0,0.0,0.0,0.0
0,101.0,1.0,0.0,0.0,0.0
1,101.0,3.0,2.0,0.0,0.0
2,101.0,1.0,0.0,0.0,0.0
3,101.0,1.0,0.0,0.0,0.0
4,101.0,0.0,0.0,0.0,0.0
5,101.0,1.0,0.0,0.0,0.0
6,101.0,2.0,1.0,0.0,0.0
7,101.0,1.0,0.0,0.0,0.0
8,101.0,1.0,0.0,0.0,0.0
9,101.0,2.0,1.0,0.0,0.0
10,101.0,1.0,0.0,0.0,0.0
0,101.0,1.0,0.0,0.0,0.0
1,101.0,3.0,2.0,0.0,0.0
2,101.0,1.0,0.0,0.0,0.0
3,101.0,1.0,0.0,0.0,0.0
4,101.0,0.0,0.0,0.0,0.0
5,101.0,1.0,0.0,0.0,0.0
6,101.0,2.0,1.0,0.0,0.0
7,101.0,1.0,0.0,0.0,0.0
8,101.0,1.0,0.0,0.0,0.0
9,101.0,2.0,1.0,0.0,0.0
10,101.0,1.0,0.0,0.0,0.0
0,101.0,1.0,0.0,0.0,0.0
1,101.0,3.0,2.0,0.0,0.0
2,101.0,1.0,0.0,0.0,0.0
3,101.0,1.0,0.0,0.0,0.0
4,101.0,0.0,0.0,0.0,0.0
5,101.0,1.0,0.0,0.0,0.0
6,101.0,2.0,1.0,0.0,0.0
7,101.0,1.0,0.0,0.0,0.0
8,101.0,1.0,0.0,0.0,0.0
9,101.0,2.0,1.0,0.0,0.0
10,101.0,1.0,0.0,0.0,0.0
0,103.0,1.0,0.0,0.0,0.0
1,103.0,3.0,2.0,0.0,0.0
2,103.0,1.0,0.0,0.0,0.0
3,103.0,1.0,0.0,0.0,0.0
4,103.0,0.0,0.0,0.0,0.0
5,103.0,1.0,0.0,0.0,0.0
6,103.0,2.0,1.0,0.0,0.0
7,103.0,1.0,0.0,0.0,0.0
8,103.0,1.0,0.0,0.0,0.0
9,103.0,2.0,1.0,0.0,0.0
10,103.0,1.0,0.0,0.0,0.0
0,103.0,1.0,0.0,0.0,0.0
1,103.0,3.0,2.0,0.0,0.0
2,103.0,1.0,0.0,0.0,0.0
3,103.0,1.0,0.0,0.0,0.0
4,103.0,0.0,0.0,0.0,0.0
5,103.0,1.0,0.0,0.0,0.0
6,103.0,2.0,1.0,0.0,0.0
7,103.0,1.0,0.0,0.0,0.0
8,103.0,1.0,0.0,0.0,0.0
9,103.0,2.0,1.0,0.0,0.0
10,103.0,1.0,0.0,0.0,0.0
0,103.0,1.0,0.0,0.0,0.0
1,103.0,3.0,2.0,0.0,0.0
2,103.0,1.0,0.0,0.0,0.0
3,103.0,1.0,0.0,0.0,0.0
4,103.0,0.0,0.0,0.0,0.0
5,103.0,1.0,0.0,0.0,0.0
6,103.0,2.0,1.0,0.0,0.0
7,103.0,1.0,0.0,0.0,0.0
8,103.0,1.0,0.0,0.0,0.0
9,103.0,2.0,1.0,0.0,0.0
10,103.0,1.0,0.0,0.0,0.0
0,103.0,1.0,0.0,0.0,0.0
1,103.0,3.0,2.0,0.0,0.0
2,103.0,1.0,0.0,0.0,0.0
3,103.0,1.0,0.0,0.0,0.0
4,103.0,0.0,0.0,0.0,0.0
5,103.0,1.0,0.0,0.0,0.0
6,103.0,2.0,1.0,0.0,0.0
7,103.0,1.0,0.0,0.0,0.0
8,103.0,1.0,0.0,0.0,0.0
9,103.0,2.0,1.0,0.0,0.0
10,103.0,1.0,0.0,0.0,0.0
0,103.0,1.0,0.0,0.0,0.0
1,103.0,3.0,2.0,0.0,0.0
2,103.0,1.0,0.0,0.0,0.0
3,103.0,1.0,0.0,0.0,0.0
4,103.0,0.0,0.0,0.0,0.0
5,103.0,1.0,0.0,0.0,0.0
6,103.0,2.0,1.0,0.0,0.0
7,103.0,1.0,0.0,0.0,0.0
8,103.0,1.0,0.0,0.0,0.0
9,103.0,2.0,1.0,0.0,0.0
10,103.0,1.0,0.0,0.0,0.0
0,103.0,1.0,0.0,0.0,0.0
1,103.0,3.0,2.0,0.0,0.0
2,103.0,1.0,0.0,0.0,0.0
3,103.0,1.0,0.0,0.0,0.0
4,103.0,0.0,0.0,0.0,0.0
5,103.0,1.0,0.0,0.0,0.0
6,103.0,2.0,1.0,0.0,0.0
7,103.0,1.0,0.0,0.0,0.0
8,103.0,1.0,0.0,0.0,0.0
9,103.0,2.0,1.0,0.0,0.0
10,103.0,1.0,0.0,0.0,0.0
0,103.0,1.0,0.0,0.0,0.0
1,103.0,3.0,2.0,0.0,0.0
2,103.0,1.0,0.0,0.0,0.0
3,103.0,1.0,0.0,0.0,0.0
4,103.0,0.0,0.0,0.0,0.0
5,103.0,1.0,0.0,0.0,0.0
6,103.0,2.0,1.0,0.0,0.0
7,103.0,1.0,0.0,0.0,0.0
8,103.0,1.0,0.0,0.0,0.0
9,103.0,2.0,1.0,0.0,0.0
10,103.0,1.0,0.0,0.0,0.0
0,106.0,1.0,0.0,0.0,0.0
1,106.0,3.0,2.0,0.0,0.0
2,106.0,1.0,0.0,0.0,0.0
3,106.0,1.0,0.0,0.0,0.0
4,106.0,0.0,0.0,0.0,0.0
5,106.0,1.0,0.0,0.0,0.0
6,106.0,2.0,1.0,0.0,0.0
7,106.0,1.0,0.0,0.0,0.0
8,106.0,1.0,0.0,0.0,0.0
9,106.0,2.0,1.0,0.0,0.0
10,106.0,1.0,0.0,0.0,0.0
0,106.0,1.0,0.0,0.0,0.0
1,106.0,3.0,2.0,0.0,0.0
2,106.0,1.0,0.0,0.0,0.0
3,106.0,1.0,0.0,0.0,0.0
4,106.0,0.0,0.0,0.0,0.0
5,106.0,1.0,0.0,0.0,0.0
6,106.0,2.0,1.0,0.0,0.0
7,106.0,1.0,0.0,0.0,0.0
8,106.0,1.0,0.0,0.0,0.0
9,106.0,2.0,1.0,0.0,0.0
10,106.0,1.0,0.0,0.0,0.0
0,108.0,1.0,0.0,0.0,0.0
1,108.0,3.0,2.0,0.0,0.0
2,108.0,1.0,0.0,0.0,0.0
3,108.0,1.0,0.0,0.0,0.0
4,108.0,0.0,0.0,0.0,0.0
5,108.0,1.0,0.0,0.0,0.0
6,108.0,2.0,1.0,0.0,0.0
7,108.0,1.0,0.0,0.0,0.0
8,108.0,1.0,0.0,0.0,0.0
9,108.0,2.0,1.0,0.0,0.0
10,108.0,2.0,0.0,0.0,0.0
0,108.0,1.0,0.0,0.0,0.0
1,108.0,3.0,2.0,0.0,0.0
2,108.0,1.0,0.0,0.0,0.0
3,108.0,1.0,0.0,0.0,0.0
4,108.0,0.0,0.0,0.0,0.0
5,108.0,1.0,0.0,0.0,0.0
6,108.0,2.0,1.0,0.0,0.0
7,108.0,1.0,0.0,0.0,0.0
8,108.0,1.0,0.0,0.0,0.0
9,108.0,2.0,1.0,0.0,0.0
10,108.0,2.0,0.0,0.0,0.0
0,110.0,1.0,0.0,0.0,0.0
1,110.0,3.0,2.0,0.0,0.0
2,110.0,1.0,0.0,0.0,0.0
3,110.0,1.0,0.0,0.0,0.0
4,110.0,0.0,0.0,0.0,0.0
5,110.0,1.0,0.0,0.0,0.0
6,110.0,2.0,1.0,0.0,0.0
7,110.0,1.0,0.0,0.0,0.0
8,110.0,1.0,0.0,0.0,0.0
9,110.0,2.0,1.0,0.0,0.0
10,110.0,2.0,0.0,0.0,0.0
0,110.0,1.0,0.0,0.0,0.0
1,110.0,3.0,2.0,0.0,0.0
2,110.0,1.0,0.0,0.0,0.0
3,110.0,1.0,0.0,0.0,0.0
4,110.0,0.0,0.0,0.0,0.0
5,110.0,1.0,0.0,0.0,0.0
6,110.0,2.0,1.0,0.0,0.0
7,110.0,1.0,0.0,0.0,0.0
8,110.0,1.0,0.0,0.0,0.0
9,110.0,2.0,1.0,0.0,0.0
10,110.0,2.0,0.0,0.0,0.0
0,111.0,1.0,0.0,0.0,0.0
1,111.0,3.0,2.0,0.0,0.0
2,111.0,1.0,0.0,0.0,0.0
3,111.0,1.0,0.0,0.0,0.0
4,111.0,0.0,0.0,0.0,0.0
5,111.0,1.0,0.0,0.0,0.0
6,111.0,2.0,1.0,0.0,0.0
7,111.0,1.0,0.0,0.0,0.0
8,111.0,2.0,0.0,0.0,0.0
9,111.0,2.0,1.0,0.0,0.0
10,111.0,2.0,0.0,0.0,0.0
0,112.0,1.0,0.0,0.0,0.0
1,112.0,3.0,2.0,0.0,0.0
2,112.0,2.0,1.0,0.0,0.0
3,112.0,1.0,0.0,0.0,0.0
4,112.0,0.0,0.0,0.0,0.0
5,112.0,1.0,0.0,0.0,0.0
6,112.0,2.0,1.0,0.0,0.0
7,112.0,1.0,0.0,0.0,0.0
8,112.0,2.0,0.0,0.0,0.0
9,112.0,2.0,1.0,0.0,0.0
10,112.0,2.0,0.0,0.0,0.0
0,115.0,1.0,0.0,0.0,0.0
1,115.0,3.0,2.0,0.0,0.0
2,115.0,2.0,1.0,0.0,0.0
3,115.0,1.0,0.0,0.0,0.0
4,115.0,0.0,0.0,0.0,0.0
5,115.0,1.0,0.0,0.0,0.0
6,115.0,2.0,1.0,0.0,0.0
7,115.0,1.0,0.0,0.0,0.0
8,115.0,2.0,0.0,0.0,0.0
9,115.0,2.0,1.0,0.0,0.0
10,115.0,2.0,0.0,0.0,0.0
0,115.0,1.0,0.0,0.0,0.0
1,115.0,3.0,2.0,0.0,0.0
2,115.0,2.0,1.0,0.0,0.0
3,115.0,1.0,0.0,0.0,0.0
4,115.0,0.0,0.0,0.0,0.0
5,115.0,1.0,0.0,0.0,0.0
6,115.0,2.0,1.0,0.0,0.0
7,115.0,1.0,0.0,0.0,0.0
8,115.0,2.0,0.0,0.0,0.0
9,115.0,2.0,1.0,0.0,0.0
10,115.0,2.0,0.0,0.0,0.0
